<?xml version="1.0" encoding="UTF-8"?>
<!--Modified on Friday March 10 22:28:28, 2006 -->

<templates>
	<template>
		<label>HTML Applet</label>
		<quickaccess>true</quickaccess>
		<description>Creates a new HTML document for displaying an Applet</description>
		<type>html</type>
		<source>applet.html.jc</source>
	</template>
	<template>
		<label>HTML Document</label>
		<quickaccess>true</quickaccess>
		<description>Creates a new HTML document.</description>
		<type>html</type>
		<source>document.html.jc</source>
	</template>
	<template>
		<label>Text Document</label>
		<quickaccess>true</quickaccess>
		<description>Creates a new HTML document.</description>
		<type>txt</type>
		<source>document.txt.jc</source>
	</template>
</templates>