<?xml version="1.0"?>

<tag-completion>
	<html>
		<element>
			<name>a</name>
			<bodyrequired>true</bodyrequired>
			<attribute><name>accesskey</name><required>false</required></attribute>
			<attribute><name>class</name><required>false</required></attribute>
			<attribute><name>coords</name><required>false</required></attribute>
			<attribute><name>dir</name><required>false</required></attribute>
			<attribute><name>id</name><required>false</required></attribute>
			<attribute><name>lang</name><required>false</required></attribute>
			<attribute><name>onblur</name><required>false</required></attribute>
			<attribute><name>onclick</name><required>false</required></attribute>
			<attribute><name>ondblclick</name><required>false</required></attribute>
			<attribute><name>onfocus</name><required>false</required></attribute>
			<attribute><name>onkeydown</name><required>false</required></attribute>
			<attribute><name>onkeypress</name><required>false</required></attribute>
			<attribute><name>onkeyup</name><required>false</required></attribute>
			<attribute><name>onmousedown</name><required>false</required></attribute>
			<attribute><name>onmousemove</name><required>false</required></attribute>
			<attribute><name>onmouseout</name><required>false</required></attribute>
			<attribute><name>onmouseover</name><required>false</required></attribute>
			<attribute><name>onmouseup</name><required>false</required></attribute>
			<attribute><name>shape</name><required>false</required></attribute>
			<attribute><name>style</name><required>false</required></attribute>
			<attribute><name>tabindex</name><required>false</required></attribute>
			<attribute><name>target</name><required>false</required></attribute>
			<attribute><name>title</name><required>false</required></attribute>
		</element>
		<element>
			<name>abbr</name>
			<name>acronym</name>
			<name>cite</name>
			<name>code</name>
			<name>dfn</name>
			<name>em</name>
			<name>kbd</name>
			<name>samp</name>
			<name>strong</name>
			<name>var</name>
			<bodyrequired>true</bodyrequired>
			<attribute><name>class</name><required>false</required></attribute>
			<attribute><name>dir</name><required>false</required></attribute>
			<attribute><name>id</name><required>false</required></attribute>
			<attribute><name>lang</name><required>false</required></attribute>
			<attribute><name>onclick</name><required>false</required></attribute>
			<attribute><name>ondblclick</name><required>false</required></attribute>
			<attribute><name>onkeydown</name><required>false</required></attribute>
			<attribute><name>onkeypress</name><required>false</required></attribute>
			<attribute><name>onkeyup</name><required>false</required></attribute>
			<attribute><name>onmousedown</name><required>false</required></attribute>
			<attribute><name>onmousemove</name><required>false</required></attribute>
			<attribute><name>onmouseout</name><required>false</required></attribute>
			<attribute><name>onmouseover</name><required>false</required></attribute>
			<attribute><name>onmouseup</name><required>false</required></attribute>
			<attribute><name>style</name><required>false</required></attribute>
			<attribute><name>title</name><required>false</required></attribute>
		</element>
		<element>
			<name>address</name>
			<bodyrequired>true</bodyrequired>
			<attribute><name>class</name><required>false</required></attribute>
			<attribute><name>dir</name><required>false</required></attribute>
			<attribute><name>id</name><required>false</required></attribute>
			<attribute><name>lang</name><required>false</required></attribute>
			<attribute><name>onclick</name><required>false</required></attribute>
			<attribute><name>ondblclick</name><required>false</required></attribute>
			<attribute><name>onkeydown</name><required>false</required></attribute>
			<attribute><name>onkeypress</name><required>false</required></attribute>
			<attribute><name>onkeyup</name><required>false</required></attribute>
			<attribute><name>onmousedown</name><required>false</required></attribute>
			<attribute><name>onmousemove</name><required>false</required></attribute>
			<attribute><name>onmouseout</name><required>false</required></attribute>
			<attribute><name>onmouseover</name><required>false</required></attribute>
			<attribute><name>onmouseup</name><required>false</required></attribute>
			<attribute><name>style</name><required>false</required></attribute>
			<attribute><name>title</name><required>false</required></attribute>
		</element>
		<element>
			<name>applet</name>
			<bodyrequired>true</bodyrequired>
			<attribute><name>align</name><required>false</required></attribute>
			<attribute><name>alt</name><required>false</required></attribute>
			<attribute><name>archive</name><required>false</required></attribute>
			<attribute><name>class</name><required>false</required></attribute>
			<attribute><name>code</name><required>false</required></attribute>
			<attribute><name>codebase</name><required>false</required></attribute>
			<attribute><name>heigth</name><required>true</required></attribute>
			<attribute><name>hspace</name><required>false</required></attribute>
			<attribute><name>id</name><required>false</required></attribute>
			<attribute><name>name</name><required>false</required></attribute>
			<attribute><name>object</name><required>false</required></attribute>
			<attribute><name>style</name><required>false</required></attribute>
			<attribute><name>title</name><required>false</required></attribute>
			<attribute><name>vspace</name><required>false</required></attribute>
			<attribute><name>width</name><required>true</required></attribute>
		</element>
		<element>
			<name>area</name>
			<name>map</name>
			<bodyrequired>false</bodyrequired>
			<attribute><name>accesskey</name><required>true</required></attribute>
			<attribute><name>alt</name><required>true</required></attribute>
			<attribute><name>class</name><required>false</required></attribute>
			<attribute><name>coords</name><required>false</required></attribute>
			<attribute><name>dir</name><required>false</required></attribute>
			<attribute><name>href</name><required>false</required></attribute>
			<attribute><name>id</name><required>false</required></attribute>
			<attribute><name>lang</name><required>false</required></attribute>
			<attribute><name>name</name><required>false</required></attribute>
			<attribute><name>nohref</name><required>false</required></attribute>
			<attribute><name>onblur</name><required>false</required></attribute>
			<attribute><name>onclick</name><required>false</required></attribute>
			<attribute><name>ondblclick</name><required>false</required></attribute>
			<attribute><name>onfocus</name><required>true</required></attribute>
			<attribute><name>onkeydown</name><required>false</required></attribute>
			<attribute><name>onkeypress</name><required>false</required></attribute>
			<attribute><name>onkeyup</name><required>false</required></attribute>
			<attribute><name>onmousedown</name><required>false</required></attribute>
			<attribute><name>onmousemove</name><required>false</required></attribute>
			<attribute><name>onmouseout</name><required>false</required></attribute>
			<attribute><name>onmouseover</name><required>false</required></attribute>
			<attribute><name>onmouseup</name><required>false</required></attribute>
			<attribute><name>shape</name><required>false</required></attribute>
			<attribute><name>style</name><required>false</required></attribute>
			<attribute><name>tabindex</name><required>false</required></attribute>
			<attribute><name>target</name><required>false</required></attribute>
			<attribute><name>title</name><required>false</required></attribute>
		</element>
		<element>
			<name>b</name>
			<name>tt</name>
			<name>i</name>
			<name>big</name>
			<name>small</name>
			<name>strike</name>
			<name>s</name>
			<name>u</name>
			<bodyrequired>true</bodyrequired>
			<attribute><name>class</name><required>false</required></attribute>
			<attribute><name>dir</name><required>false</required></attribute>
			<attribute><name>id</name><required>false</required></attribute>
			<attribute><name>lang</name><required>false</required></attribute>
			<attribute><name>onclick</name><required>false</required></attribute>
			<attribute><name>ondblclick</name><required>false</required></attribute>
			<attribute><name>onkeydown</name><required>false</required></attribute>
			<attribute><name>onkeypress</name><required>false</required></attribute>
			<attribute><name>onkeyup</name><required>false</required></attribute>
			<attribute><name>onmousedown</name><required>false</required></attribute>
			<attribute><name>onmousemove</name><required>false</required></attribute>
			<attribute><name>onmouseout</name><required>false</required></attribute>
			<attribute><name>onmouseover</name><required>false</required></attribute>
			<attribute><name>onmouseup</name><required>false</required></attribute>
			<attribute><name>style</name><required>false</required></attribute>
			<attribute><name>title</name><required>false</required></attribute>
		</element>
		<element>
			<name>base</name>
			<bodyrequired>false</bodyrequired>
			<attribute><name>href</name><required>true</required></attribute>
			<attribute><name>target</name><required>false</required></attribute>
		</element>
		<element>
			<name>basefont</name>
			<name>font</name>
			<deprecated>true</deprecated>
			<bodyrequired>false</bodyrequired>
			<attribute><name>class</name><required>false</required></attribute>
			<attribute><name>color</name><required>true</required></attribute>
			<attribute><name>dir</name><required>false</required></attribute>
			<attribute><name>face</name><required>false</required></attribute>
			<attribute><name>id</name><required>false</required></attribute>
			<attribute><name>lang</name><required>false</required></attribute>
			<attribute><name>size</name><required>true</required></attribute>
			<attribute><name>style</name><required>false</required></attribute>
			<attribute><name>title</name><required>false</required></attribute>
		</element>
		<element>
			<name>bdo</name>
			<bodyrequired>true</bodyrequired>
			<attribute><name>class</name><required>false</required></attribute>
			<attribute><name>dir</name><required>true</required></attribute>
			<attribute><name>id</name><required>false</required></attribute>
			<attribute><name>lang</name><required>false</required></attribute>
			<attribute><name>style</name><required>false</required></attribute>
			<attribute><name>title</name><required>false</required></attribute>
		</element>
		<element>
			<name>blockquote</name>
			<name>q</name>
			<bodyrequired>true</bodyrequired>
			<attribute><name>class</name><required>false</required></attribute>
			<attribute><name>dir</name><required>false</required></attribute>
			<attribute><name>id</name><required>false</required></attribute>
			<attribute><name>lang</name><required>false</required></attribute>
			<attribute><name>onclick</name><required>false</required></attribute>
			<attribute><name>ondblclick</name><required>false</required></attribute>
			<attribute><name>onkeydown</name><required>false</required></attribute>
			<attribute><name>onkeypress</name><required>false</required></attribute>
			<attribute><name>onkeyup</name><required>false</required></attribute>
			<attribute><name>onmousedown</name><required>false</required></attribute>
			<attribute><name>onmousemove</name><required>false</required></attribute>
			<attribute><name>onmouseout</name><required>false</required></attribute>
			<attribute><name>onmouseover</name><required>false</required></attribute>
			<attribute><name>onmouseup</name><required>false</required></attribute>
			<attribute><name>style</name><required>false</required></attribute>
			<attribute><name>title</name><required>false</required></attribute>
		</element>
		<element>
			<name>body</name>
			<bodyrequired>true</bodyrequired>
			<attribute><name>bgcolor</name><required>false</required></attribute>
			<attribute><name>class</name><required>false</required></attribute>
			<attribute><name>dir</name><required>false</required></attribute>
			<attribute><name>id</name><required>false</required></attribute>
			<attribute><name>lang</name><required>false</required></attribute>
			<attribute><name>onclick</name><required>false</required></attribute>
			<attribute><name>ondblclick</name><required>false</required></attribute>
			<attribute><name>onkeydown</name><required>false</required></attribute>
			<attribute><name>onkeypress</name><required>false</required></attribute>
			<attribute><name>onkeyup</name><required>false</required></attribute>
			<attribute><name>onload</name><required>false</required></attribute>
			<attribute><name>onmousedown</name><required>false</required></attribute>
			<attribute><name>onmousemove</name><required>false</required></attribute>
			<attribute><name>onmouseout</name><required>false</required></attribute>
			<attribute><name>onmouseover</name><required>false</required></attribute>
			<attribute><name>onmouseup</name><required>false</required></attribute>
			<attribute><name>style</name><required>false</required></attribute>
			<attribute><name>title</name><required>false</required></attribute>
			<attribute><name>unonload</name><required>false</required></attribute>
		</element>
		<element>
			<name>br</name>
			<bodyrequired>false</bodyrequired>
			<attribute><name>class</name><required>false</required></attribute>
			<attribute><name>clear</name><required>false</required></attribute>
			<attribute><name>id</name><required>false</required></attribute>
			<attribute><name>style</name><required>false</required></attribute>
			<attribute><name>title</name><required>false</required></attribute>
		</element>
		<element>
			<name>button</name>
			<bodyrequired>true</bodyrequired>
			<attribute><name>accesskey</name><required>false</required></attribute>
			<attribute><name>class</name><required>false</required></attribute>
			<attribute><name>dir</name><required>false</required></attribute>
			<attribute><name>disabled</name><required>false</required></attribute>
			<attribute><name>id</name><required>false</required></attribute>
			<attribute><name>lang</name><required>false</required></attribute>
			<attribute><name>name</name><required>false</required></attribute>
			<attribute><name>onblur</name><required>false</required></attribute>
			<attribute><name>onclick</name><required>false</required></attribute>
			<attribute><name>ondblclick</name><required>false</required></attribute>
			<attribute><name>onfocus</name><required>false</required></attribute>
			<attribute><name>onkeydown</name><required>false</required></attribute>
			<attribute><name>onkeypress</name><required>false</required></attribute>
			<attribute><name>onkeyup</name><required>false</required></attribute>
			<attribute><name>onmousedown</name><required>false</required></attribute>
			<attribute><name>onmousemove</name><required>false</required></attribute>
			<attribute><name>onmouseout</name><required>false</required></attribute>
			<attribute><name>onmouseover</name><required>false</required></attribute>
			<attribute><name>onmouseup</name><required>false</required></attribute>
			<attribute><name>style</name><required>false</required></attribute>
			<attribute><name>tabindex</name><required>false</required></attribute>
			<attribute><name>title</name><required>false</required></attribute>
			<attribute><name>type</name><required>false</required></attribute>
			<attribute><name>value</name><required>false</required></attribute>
		</element>
		<element>
			<name>caption</name>
			<bodyrequired>true</bodyrequired>
			<attribute><name>class</name><required>false</required></attribute>
			<attribute><name>dir</name><required>false</required></attribute>
			<attribute><name>id</name><required>false</required></attribute>
			<attribute><name>lang</name><required>false</required></attribute>
			<attribute><name>onclick</name><required>false</required></attribute>
			<attribute><name>ondblclick</name><required>false</required></attribute>
			<attribute><name>onkeydown</name><required>false</required></attribute>
			<attribute><name>onkeypress</name><required>false</required></attribute>
			<attribute><name>onkeyup</name><required>false</required></attribute>
			<attribute><name>onmousedown</name><required>false</required></attribute>
			<attribute><name>onmousemove</name><required>false</required></attribute>
			<attribute><name>onmouseout</name><required>false</required></attribute>
			<attribute><name>onmouseover</name><required>false</required></attribute>
			<attribute><name>onmouseup</name><required>false</required></attribute>
			<attribute><name>style</name><required>false</required></attribute>
			<attribute><name>title</name><required>false</required></attribute>
		</element>
		<element>
			<name>center</name>
			<deprecated>true</deprecated>
			<bodyrequired>true</bodyrequired>
			<attribute><name>class</name><required>false</required></attribute>
			<attribute><name>dir</name><required>false</required></attribute>
			<attribute><name>id</name><required>false</required></attribute>
			<attribute><name>lang</name><required>false</required></attribute>
			<attribute><name>onclick</name><required>false</required></attribute>
			<attribute><name>ondblclick</name><required>false</required></attribute>
			<attribute><name>onkeydown</name><required>false</required></attribute>
			<attribute><name>onkeypress</name><required>false</required></attribute>
			<attribute><name>onkeyup</name><required>false</required></attribute>
			<attribute><name>onmousedown</name><required>false</required></attribute>
			<attribute><name>onmousemove</name><required>false</required></attribute>
			<attribute><name>onmouseout</name><required>false</required></attribute>
			<attribute><name>onmouseover</name><required>false</required></attribute>
			<attribute><name>onmouseup</name><required>false</required></attribute>
			<attribute><name>style</name><required>false</required></attribute>
			<attribute><name>title</name><required>false</required></attribute>
		</element>
		<element>
			<name>col</name>
			<bodyrequired>false</bodyrequired>
			<attribute><name>align</name><required>false</required></attribute>
			<attribute><name>char</name><required>false</required></attribute>
			<attribute><name>charoff</name><required>false</required></attribute>
			<attribute><name>class</name><required>false</required></attribute>
			<attribute><name>dir</name><required>false</required></attribute>
			<attribute><name>id</name><required>false</required></attribute>
			<attribute><name>lang</name><required>false</required></attribute>
			<attribute><name>onclick</name><required>false</required></attribute>
			<attribute><name>ondblclick</name><required>false</required></attribute>
			<attribute><name>onkeydown</name><required>false</required></attribute>
			<attribute><name>onkeypress</name><required>false</required></attribute>
			<attribute><name>onkeyup</name><required>false</required></attribute>
			<attribute><name>onmousedown</name><required>false</required></attribute>
			<attribute><name>onmousemove</name><required>false</required></attribute>
			<attribute><name>onmouseout</name><required>false</required></attribute>
			<attribute><name>onmouseover</name><required>false</required></attribute>
			<attribute><name>onmouseup</name><required>false</required></attribute>
			<attribute><name>span</name><required>false</required></attribute>
			<attribute><name>style</name><required>false</required></attribute>
			<attribute><name>title</name><required>false</required></attribute>
			<attribute><name>valign</name><required>false</required></attribute>
			<attribute><name>width</name><required>false</required></attribute>
		</element>
		<element>
			<name>colgroup</name>
			<bodyrequired>true</bodyrequired>
			<attribute><name>align</name><required>false</required></attribute>
			<attribute><name>char</name><required>false</required></attribute>
			<attribute><name>charoff</name><required>false</required></attribute>
			<attribute><name>class</name><required>false</required></attribute>
			<attribute><name>dir</name><required>false</required></attribute>
			<attribute><name>id</name><required>false</required></attribute>
			<attribute><name>lang</name><required>false</required></attribute>
			<attribute><name>onclick</name><required>false</required></attribute>
			<attribute><name>ondblclick</name><required>false</required></attribute>
			<attribute><name>onkeydown</name><required>false</required></attribute>
			<attribute><name>onkeypress</name><required>false</required></attribute>
			<attribute><name>onkeyup</name><required>false</required></attribute>
			<attribute><name>onmousedown</name><required>false</required></attribute>
			<attribute><name>onmousemove</name><required>false</required></attribute>
			<attribute><name>onmouseout</name><required>false</required></attribute>
			<attribute><name>onmouseover</name><required>false</required></attribute>
			<attribute><name>onmouseup</name><required>false</required></attribute>
			<attribute><name>span</name><required>false</required></attribute>
			<attribute><name>style</name><required>false</required></attribute>
			<attribute><name>title</name><required>false</required></attribute>
			<attribute><name>valign</name><required>false</required></attribute>
			<attribute><name>width</name><required>false</required></attribute>
		</element>
		<element>
			<name>dd</name>
			<name>dt</name>
			<name>dl</name>
			<bodyrequired>true</bodyrequired>
			<attribute><name>class</name><required>false</required></attribute>
			<attribute><name>dir</name><required>false</required></attribute>
			<attribute><name>id</name><required>false</required></attribute>
			<attribute><name>lang</name><required>false</required></attribute>
			<attribute><name>onclick</name><required>false</required></attribute>
			<attribute><name>ondblclick</name><required>false</required></attribute>
			<attribute><name>onkeydown</name><required>false</required></attribute>
			<attribute><name>onkeypress</name><required>false</required></attribute>
			<attribute><name>onkeyup</name><required>false</required></attribute>
			<attribute><name>onmousedown</name><required>false</required></attribute>
			<attribute><name>onmousemove</name><required>false</required></attribute>
			<attribute><name>onmouseout</name><required>false</required></attribute>
			<attribute><name>onmouseover</name><required>false</required></attribute>
			<attribute><name>onmouseup</name><required>false</required></attribute>
			<attribute><name>style</name><required>false</required></attribute>
			<attribute><name>title</name><required>false</required></attribute>
		</element>	
		<element>
			<name>del</name>
			<name>ins</name>
			<bodyrequired>true</bodyrequired>
			<attribute><name>class</name><required>false</required></attribute>
			<attribute><name>dir</name><required>false</required></attribute>
			<attribute><name>id</name><required>false</required></attribute>
			<attribute><name>lang</name><required>false</required></attribute>
			<attribute><name>onclick</name><required>false</required></attribute>
			<attribute><name>ondblclick</name><required>false</required></attribute>
			<attribute><name>onkeydown</name><required>false</required></attribute>
			<attribute><name>onkeypress</name><required>false</required></attribute>
			<attribute><name>onkeyup</name><required>false</required></attribute>
			<attribute><name>onmousedown</name><required>false</required></attribute>
			<attribute><name>onmousemove</name><required>false</required></attribute>
			<attribute><name>onmouseout</name><required>false</required></attribute>
			<attribute><name>onmouseover</name><required>false</required></attribute>
			<attribute><name>onmouseup</name><required>false</required></attribute>
			<attribute><name>style</name><required>false</required></attribute>
			<attribute><name>title</name><required>false</required></attribute>
		</element>
		<element>
			<name>dir</name>
			<deprecated>true</deprecated>
			<bodyrequired>true</bodyrequired>
			<attribute><name>class</name><required>false</required></attribute>
			<attribute><name>dir</name><required>false</required></attribute>
			<attribute><name>id</name><required>false</required></attribute>
			<attribute><name>lang</name><required>false</required></attribute>
			<attribute><name>onclick</name><required>false</required></attribute>
			<attribute><name>ondblclick</name><required>false</required></attribute>
			<attribute><name>onkeydown</name><required>false</required></attribute>
			<attribute><name>onkeypress</name><required>false</required></attribute>
			<attribute><name>onkeyup</name><required>false</required></attribute>
			<attribute><name>onmousedown</name><required>false</required></attribute>
			<attribute><name>onmousemove</name><required>false</required></attribute>
			<attribute><name>onmouseout</name><required>false</required></attribute>
			<attribute><name>onmouseover</name><required>false</required></attribute>
			<attribute><name>onmouseup</name><required>false</required></attribute>
			<attribute><name>style</name><required>false</required></attribute>
			<attribute><name>title</name><required>false</required></attribute>
		</element>
		<element>
			<name>dir</name>
			<name>menu</name>
			<deprecated>true</deprecated>
			<bodyrequired>true</bodyrequired>
			<attribute><name>class</name><required>false</required></attribute>
			<attribute><name>dir</name><required>false</required></attribute>
			<attribute><name>id</name><required>false</required></attribute>
			<attribute><name>lang</name><required>false</required></attribute>
			<attribute><name>onclick</name><required>false</required></attribute>
			<attribute><name>ondblclick</name><required>false</required></attribute>
			<attribute><name>onkeydown</name><required>false</required></attribute>
			<attribute><name>onkeypress</name><required>false</required></attribute>
			<attribute><name>onkeyup</name><required>false</required></attribute>
			<attribute><name>onmousedown</name><required>false</required></attribute>
			<attribute><name>onmousemove</name><required>false</required></attribute>
			<attribute><name>onmouseout</name><required>false</required></attribute>
			<attribute><name>onmouseover</name><required>false</required></attribute>
			<attribute><name>onmouseup</name><required>false</required></attribute>
			<attribute><name>style</name><required>false</required></attribute>
			<attribute><name>title</name><required>false</required></attribute>
		</element>
		<element>
			<name>div</name>
			<name>span</name>
			<bodyrequired>true</bodyrequired>
			<attribute><name>class</name><required>false</required></attribute>
			<attribute><name>dir</name><required>false</required></attribute>
			<attribute><name>id</name><required>false</required></attribute>
			<attribute><name>lang</name><required>false</required></attribute>
			<attribute><name>onclick</name><required>false</required></attribute>
			<attribute><name>ondblclick</name><required>false</required></attribute>
			<attribute><name>onkeydown</name><required>false</required></attribute>
			<attribute><name>onkeypress</name><required>false</required></attribute>
			<attribute><name>onkeyup</name><required>false</required></attribute>
			<attribute><name>onmousedown</name><required>false</required></attribute>
			<attribute><name>onmousemove</name><required>false</required></attribute>
			<attribute><name>onmouseout</name><required>false</required></attribute>
			<attribute><name>onmouseover</name><required>false</required></attribute>
			<attribute><name>onmouseup</name><required>false</required></attribute>
			<attribute><name>style</name><required>false</required></attribute>
			<attribute><name>title</name><required>false</required></attribute>
		</element>
		<element>
			<name>fieldset</name>
			<name>legend</name>
			<bodyrequired>true</bodyrequired>
			<attribute><name>accesskey</name><required>false</required></attribute>
			<attribute><name>class</name><required>false</required></attribute>
			<attribute><name>dir</name><required>false</required></attribute>
			<attribute><name>id</name><required>false</required></attribute>
			<attribute><name>lang</name><required>false</required></attribute>
			<attribute><name>onclick</name><required>false</required></attribute>
			<attribute><name>ondblclick</name><required>false</required></attribute>
			<attribute><name>onkeydown</name><required>false</required></attribute>
			<attribute><name>onkeypress</name><required>false</required></attribute>
			<attribute><name>onkeyup</name><required>false</required></attribute>
			<attribute><name>onmousedown</name><required>false</required></attribute>
			<attribute><name>onmousemove</name><required>false</required></attribute>
			<attribute><name>onmouseout</name><required>false</required></attribute>
			<attribute><name>onmouseover</name><required>false</required></attribute>
			<attribute><name>onmouseup</name><required>false</required></attribute>
			<attribute><name>style</name><required>false</required></attribute>
			<attribute><name>title</name><required>false</required></attribute>
		</element>
		<element>
			<name>form</name>
			<bodyrequired>true</bodyrequired>
			<attribute><name>accept-charset</name><required>false</required></attribute>
			<attribute><name>accept</name><required>false</required></attribute>
			<attribute><name>action</name><required>true</required></attribute>
			<attribute><name>class</name><required>false</required></attribute>
			<attribute><name>dir</name><required>false</required></attribute>
			<attribute><name>enctype</name><required>false</required></attribute>
			<attribute><name>id</name><required>false</required></attribute>
			<attribute><name>lang</name><required>false</required></attribute>
			<attribute><name>method</name><required>false</required></attribute>
			<attribute><name>name</name><required>false</required></attribute>
			<attribute><name>onclick</name><required>false</required></attribute>
			<attribute><name>ondblclick</name><required>false</required></attribute>
			<attribute><name>onkeydown</name><required>false</required></attribute>
			<attribute><name>onkeypress</name><required>false</required></attribute>
			<attribute><name>onkeyup</name><required>false</required></attribute>
			<attribute><name>onmousedown</name><required>false</required></attribute>
			<attribute><name>onmousemove</name><required>false</required></attribute>
			<attribute><name>onmouseout</name><required>false</required></attribute>
			<attribute><name>onmouseover</name><required>false</required></attribute>
			<attribute><name>onmouseup</name><required>false</required></attribute>
			<attribute><name>onreset</name><required>false</required></attribute>
			<attribute><name>onsubmit</name><required>false</required></attribute>
			<attribute><name>style</name><required>false</required></attribute>
			<attribute><name>target</name><required>false</required></attribute>
			<attribute><name>title</name><required>false</required></attribute>
		</element>
		<element>
			<name>frame</name>
			<bodyrequired>false</bodyrequired>
			<attribute><name>class</name><required>false</required></attribute>
			<attribute><name>frameborder</name><required>false</required></attribute>
			<attribute><name>id</name><required>false</required></attribute>
			<attribute><name>longdesc</name><required>false</required></attribute>
			<attribute><name>marginheight</name><required>false</required></attribute>
			<attribute><name>marginwidth</name><required>false</required></attribute>
			<attribute><name>name</name><required>false</required></attribute>
			<attribute><name>noresize</name><required>false</required></attribute>
			<attribute><name>scrolling</name><required>false</required></attribute>
			<attribute><name>src</name><required>false</required></attribute>
			<attribute><name>style</name><required>false</required></attribute>
			<attribute><name>title</name><required>false</required></attribute>
		</element>
		<element>
			<name>frameset</name>
			<bodyrequired>true</bodyrequired>
			<attribute><name>class</name><required>false</required></attribute>
			<attribute><name>cols</name><required>false</required></attribute>
			<attribute><name>id</name><required>false</required></attribute>
			<attribute><name>onload</name><required>false</required></attribute>
			<attribute><name>onunload</name><required>false</required></attribute>
			<attribute><name>rows</name><required>false</required></attribute>
			<attribute><name>src</name><required>false</required></attribute>
			<attribute><name>style</name><required>false</required></attribute>
			<attribute><name>title</name><required>false</required></attribute>
		</element>
		<element>
			<name>h1</name>
			<name>h2</name>
			<name>h3</name>
			<name>h4</name>
			<name>h5</name>
			<name>h6</name>
			<bodyrequired>true</bodyrequired>
			<attribute><name>align</name><required>false</required></attribute>
			<attribute><name>class</name><required>false</required></attribute>
			<attribute><name>dir</name><required>false</required></attribute>
			<attribute><name>id</name><required>false</required></attribute>
			<attribute><name>lang</name><required>false</required></attribute>
			<attribute><name>onclick</name><required>false</required></attribute>
			<attribute><name>ondblclick</name><required>false</required></attribute>
			<attribute><name>onkeydown</name><required>false</required></attribute>
			<attribute><name>onkeypress</name><required>false</required></attribute>
			<attribute><name>onkeyup</name><required>false</required></attribute>
			<attribute><name>onmousedown</name><required>false</required></attribute>
			<attribute><name>onmousemove</name><required>false</required></attribute>
			<attribute><name>onmouseout</name><required>false</required></attribute>
			<attribute><name>onmouseover</name><required>false</required></attribute>
			<attribute><name>onmouseup</name><required>false</required></attribute>
			<attribute><name>style</name><required>false</required></attribute>
			<attribute><name>title</name><required>false</required></attribute>
		</element>
		<element>
			<name>head</name>
			<bodyrequired>true</bodyrequired>
			<attribute><name>dir</name><required>false</required></attribute>
			<attribute><name>lang</name><required>false</required></attribute>
			<attribute><name>profile</name><required>false</required></attribute>
		</element>
		<element>
			<name>hr</name>
			<bodyrequired>true</bodyrequired>
			<attribute><name>class</name><required>false</required></attribute>
			<attribute><name>dir</name><required>false</required></attribute>
			<attribute><name>id</name><required>false</required></attribute>
			<attribute><name>lang</name><required>false</required></attribute>
			<attribute><name>onclick</name><required>false</required></attribute>
			<attribute><name>ondblclick</name><required>false</required></attribute>
			<attribute><name>onkeydown</name><required>false</required></attribute>
			<attribute><name>onkeypress</name><required>false</required></attribute>
			<attribute><name>onkeyup</name><required>false</required></attribute>
			<attribute><name>onmousedown</name><required>false</required></attribute>
			<attribute><name>onmousemove</name><required>false</required></attribute>
			<attribute><name>onmouseout</name><required>false</required></attribute>
			<attribute><name>onmouseover</name><required>false</required></attribute>
			<attribute><name>onmouseup</name><required>false</required></attribute>
			<attribute><name>style</name><required>false</required></attribute>
			<attribute><name>title</name><required>false</required></attribute>
		</element>
		<element>
			<name>html</name>
			<bodyrequired>true</bodyrequired>
			<attribute><name>dir</name><required>false</required></attribute>
			<attribute><name>lang</name><required>false</required></attribute>
			<attribute><name>version</name><required>false</required></attribute>
		</element>
		<element>
			<name>iframe</name>
			<bodyrequired>true</bodyrequired>
			<attribute><name>align</name><required>false</required></attribute>
			<attribute><name>class</name><required>false</required></attribute>
			<attribute><name>frameborder</name><required>false</required></attribute>
			<attribute><name>height</name><required>false</required></attribute>
			<attribute><name>id</name><required>false</required></attribute>
			<attribute><name>longdesc</name><required>false</required></attribute>
			<attribute><name>marginheight</name><required>false</required></attribute>
			<attribute><name>marginwidth</name><required>false</required></attribute>
			<attribute><name>name</name><required>false</required></attribute>
			<attribute><name>scrolling</name><required>false</required></attribute>
			<attribute><name>src</name><required>false</required></attribute>
			<attribute><name>style</name><required>false</required></attribute>
			<attribute><name>title</name><required>false</required></attribute>
			<attribute><name>width</name><required>false</required></attribute>
		</element>
		<element>
			<name>img</name>
			<bodyrequired>false</bodyrequired>
			<attribute><name>alt</name><required>false</required></attribute>
			<attribute><name>class</name><required>false</required></attribute>
			<attribute><name>dir</name><required>false</required></attribute>
			<attribute><name>height</name><required>false</required></attribute>
			<attribute><name>id</name><required>false</required></attribute>
			<attribute><name>ismap</name><required>false</required></attribute>
			<attribute><name>lang</name><required>false</required></attribute>
			<attribute><name>longdesc</name><required>false</required></attribute>
			<attribute><name>name</name><required>false</required></attribute>
			<attribute><name>onclick</name><required>false</required></attribute>
			<attribute><name>ondblclick</name><required>false</required></attribute>
			<attribute><name>onkeydown</name><required>false</required></attribute>
			<attribute><name>onkeypress</name><required>false</required></attribute>
			<attribute><name>onkeyup</name><required>false</required></attribute>
			<attribute><name>onmousedown</name><required>false</required></attribute>
			<attribute><name>onmousemove</name><required>false</required></attribute>
			<attribute><name>onmouseout</name><required>false</required></attribute>
			<attribute><name>onmouseover</name><required>false</required></attribute>
			<attribute><name>onmouseup</name><required>false</required></attribute>
			<attribute><name>src</name><required>false</required></attribute>
			<attribute><name>style</name><required>false</required></attribute>
			<attribute><name>title</name><required>false</required></attribute>
			<attribute><name>usemap</name><required>false</required></attribute>
			<attribute><name>width</name><required>false</required></attribute>
		</element>
		<element>
			<name>input</name>
			<bodyrequired>false</bodyrequired>
			<attribute><name>accept</name><required>false</required></attribute>
			<attribute><name>accesskey</name><required>false</required></attribute>
			<attribute><name>alt</name><required>false</required></attribute>
			<attribute><name>checked</name><required>false</required></attribute>
			<attribute><name>class</name><required>false</required></attribute>
			<attribute><name>dir</name><required>false</required></attribute>
			<attribute><name>disabled</name><required>false</required></attribute>
			<attribute><name>id</name><required>false</required></attribute>
			<attribute><name>ismap</name><required>false</required></attribute>
			<attribute><name>lang</name><required>false</required></attribute>
			<attribute><name>maxlength</name><required>false</required></attribute>
			<attribute><name>name</name><required>false</required></attribute>
			<attribute><name>onblur</name><required>false</required></attribute>
			<attribute><name>onchange</name><required>false</required></attribute>
			<attribute><name>onclick</name><required>false</required></attribute>
			<attribute><name>ondblclick</name><required>false</required></attribute>
			<attribute><name>onfocus</name><required>false</required></attribute>
			<attribute><name>onkeydown</name><required>false</required></attribute>
			<attribute><name>onkeypress</name><required>false</required></attribute>
			<attribute><name>onkeyup</name><required>false</required></attribute>
			<attribute><name>onmousedown</name><required>false</required></attribute>
			<attribute><name>onmousemove</name><required>false</required></attribute>
			<attribute><name>onmouseout</name><required>false</required></attribute>
			<attribute><name>onmouseover</name><required>false</required></attribute>
			<attribute><name>onmouseup</name><required>false</required></attribute>
			<attribute><name>onselect</name><required>false</required></attribute>
			<attribute><name>readonly</name><required>false</required></attribute>
			<attribute><name>size</name><required>false</required></attribute>
			<attribute><name>src</name><required>false</required></attribute>
			<attribute><name>style</name><required>false</required></attribute>
			<attribute><name>tabindex</name><required>false</required></attribute>
			<attribute><name>title</name><required>false</required></attribute>
			<attribute><name>type</name><required>false</required></attribute>
			<attribute><name>usemap</name><required>false</required></attribute>
			<attribute><name>value</name><required>false</required></attribute>
		</element>
		<element>
			<name>isindex</name>
			<deprecated>true</deprecated>
			<bodyrequired>false</bodyrequired>
			<attribute><name>class</name><required>false</required></attribute>
			<attribute><name>dir</name><required>false</required></attribute>
			<attribute><name>id</name><required>false</required></attribute>
			<attribute><name>lang</name><required>false</required></attribute>
			<attribute><name>style</name><required>false</required></attribute>
			<attribute><name>title</name><required>false</required></attribute>
		</element>
		<element>
			<name>label</name>
			<bodyrequired>true</bodyrequired>
			<attribute><name>accept</name><required>false</required></attribute>
			<attribute><name>accesskey</name><required>false</required></attribute>
			<attribute><name>class</name><required>false</required></attribute>
			<attribute><name>dir</name><required>false</required></attribute>
			<attribute><name>for</name><required>false</required></attribute>
			<attribute><name>id</name><required>false</required></attribute>
			<attribute><name>lang</name><required>false</required></attribute>
			<attribute><name>onblur</name><required>false</required></attribute>
			<attribute><name>onchange</name><required>false</required></attribute>
			<attribute><name>onclick</name><required>false</required></attribute>
			<attribute><name>ondblclick</name><required>false</required></attribute>
			<attribute><name>onfocus</name><required>false</required></attribute>
			<attribute><name>onkeydown</name><required>false</required></attribute>
			<attribute><name>onkeypress</name><required>false</required></attribute>
			<attribute><name>onkeyup</name><required>false</required></attribute>
			<attribute><name>onmousedown</name><required>false</required></attribute>
			<attribute><name>onmousemove</name><required>false</required></attribute>
			<attribute><name>onmouseout</name><required>false</required></attribute>
			<attribute><name>onmouseover</name><required>false</required></attribute>
			<attribute><name>onmouseup</name><required>false</required></attribute>
			<attribute><name>onselect</name><required>false</required></attribute>
			<attribute><name>style</name><required>false</required></attribute>
			<attribute><name>title</name><required>false</required></attribute>
		</element>
		<element>
			<name>li</name>
			<name>ul</name>
			<name>ol</name>
			<bodyrequired>true</bodyrequired>
			<attribute><name>class</name><required>false</required></attribute>
			<attribute><name>dir</name><required>false</required></attribute>
			<attribute><name>id</name><required>false</required></attribute>
			<attribute><name>lang</name><required>false</required></attribute>
			<attribute><name>onclick</name><required>false</required></attribute>
			<attribute><name>ondblclick</name><required>false</required></attribute>
			<attribute><name>onkeydown</name><required>false</required></attribute>
			<attribute><name>onkeypress</name><required>false</required></attribute>
			<attribute><name>onkeyup</name><required>false</required></attribute>
			<attribute><name>onmousedown</name><required>false</required></attribute>
			<attribute><name>onmousemove</name><required>false</required></attribute>
			<attribute><name>onmouseout</name><required>false</required></attribute>
			<attribute><name>onmouseover</name><required>false</required></attribute>
			<attribute><name>onmouseup</name><required>false</required></attribute>
			<attribute><name>style</name><required>false</required></attribute>
			<attribute><name>title</name><required>false</required></attribute>
		</element>
		<element>
			<name>optgroup</name>
			<name>option</name>
			<name>select</name>
			<bodyrequired>true</bodyrequired>
			<attribute><name>class</name><required>false</required></attribute>
			<attribute><name>dir</name><required>false</required></attribute>
			<attribute><name>disabled</name><required>false</required></attribute>
			<attribute><name>id</name><required>false</required></attribute>
			<attribute><name>lang</name><required>false</required></attribute>
			<attribute><name>multiple</name><required>false</required></attribute>
			<attribute><name>name</name><required>false</required></attribute>
			<attribute><name>onblur</name><required>false</required></attribute>
			<attribute><name>onchange</name><required>false</required></attribute>
			<attribute><name>onclick</name><required>false</required></attribute>
			<attribute><name>ondblclick</name><required>false</required></attribute>
			<attribute><name>onfocus</name><required>false</required></attribute>
			<attribute><name>onkeydown</name><required>false</required></attribute>
			<attribute><name>onkeypress</name><required>false</required></attribute>
			<attribute><name>onkeyup</name><required>false</required></attribute>
			<attribute><name>onmousedown</name><required>false</required></attribute>
			<attribute><name>onmousemove</name><required>false</required></attribute>
			<attribute><name>onmouseout</name><required>false</required></attribute>
			<attribute><name>onmouseover</name><required>false</required></attribute>
			<attribute><name>onmouseup</name><required>false</required></attribute>
			<attribute><name>size</name><required>false</required></attribute>
			<attribute><name>style</name><required>false</required></attribute>
			<attribute><name>tabindex</name><required>false</required></attribute>
			<attribute><name>title</name><required>false</required></attribute>
		</element>
		<element>
			<name>p</name>
			<bodyrequired>true</bodyrequired>
			<attribute><name>align</name><required>false</required></attribute>
			<attribute><name>class</name><required>false</required></attribute>
			<attribute><name>dir</name><required>false</required></attribute>
			<attribute><name>id</name><required>false</required></attribute>
			<attribute><name>lang</name><required>false</required></attribute>
			<attribute><name>onclick</name><required>false</required></attribute>
			<attribute><name>ondblclick</name><required>false</required></attribute>
			<attribute><name>onkeydown</name><required>false</required></attribute>
			<attribute><name>onkeypress</name><required>false</required></attribute>
			<attribute><name>onkeyup</name><required>false</required></attribute>
			<attribute><name>onmousedown</name><required>false</required></attribute>
			<attribute><name>onmousemove</name><required>false</required></attribute>
			<attribute><name>onmouseout</name><required>false</required></attribute>
			<attribute><name>onmouseover</name><required>false</required></attribute>
			<attribute><name>onmouseup</name><required>false</required></attribute>
			<attribute><name>style</name><required>false</required></attribute>
			<attribute><name>title</name><required>false</required></attribute>
		</element>
		<element>
			<name>param</name>
			<bodyrequired>false</bodyrequired>
			<attribute><name>id</name><required>false</required></attribute>
			<attribute><name>name</name><required>false</required></attribute>
			<attribute><name>type</name><required>false</required></attribute>
			<attribute><name>value</name><required>false</required></attribute>
			<attribute><name>valuetype</name><required>false</required></attribute>
		</element>
		<element>
			<name>pre</name>
			<bodyrequired>true</bodyrequired>
			<attribute><name>class</name><required>false</required></attribute>
			<attribute><name>dir</name><required>false</required></attribute>
			<attribute><name>id</name><required>false</required></attribute>
			<attribute><name>lang</name><required>false</required></attribute>
			<attribute><name>onclick</name><required>false</required></attribute>
			<attribute><name>ondblclick</name><required>false</required></attribute>
			<attribute><name>onkeydown</name><required>false</required></attribute>
			<attribute><name>onkeypress</name><required>false</required></attribute>
			<attribute><name>onkeyup</name><required>false</required></attribute>
			<attribute><name>onmousedown</name><required>false</required></attribute>
			<attribute><name>onmousemove</name><required>false</required></attribute>
			<attribute><name>onmouseout</name><required>false</required></attribute>
			<attribute><name>onmouseover</name><required>false</required></attribute>
			<attribute><name>onmouseup</name><required>false</required></attribute>
			<attribute><name>style</name><required>false</required></attribute>
			<attribute><name>title</name><required>false</required></attribute>
		</element>
		<element>
			<name>script</name>
			<bodyrequired>true</bodyrequired>
			<attribute><name>charset</name><required>false</required></attribute>
			<attribute><name>defer</name><required>false</required></attribute>
			<attribute><name>language</name><required>false</required></attribute>
			<attribute><name>src</name><required>false</required></attribute>
			<attribute><name>type</name><required>false</required></attribute>
		</element>
		<element>
			<name>script</name>
			<bodyrequired>true</bodyrequired>
			<attribute><name>charset</name><required>false</required></attribute>
			<attribute><name>defer</name><required>false</required></attribute>
			<attribute><name>language</name><required>false</required></attribute>
			<attribute><name>src</name><required>false</required></attribute>
			<attribute><name>type</name><required>false</required></attribute>
		</element>
		<element>
			<name>style</name>
			<bodyrequired>true</bodyrequired>
			<attribute><name>dir</name><required>false</required></attribute>
			<attribute><name>lang</name><required>false</required></attribute>
			<attribute><name>media</name><required>false</required></attribute>
			<attribute><name>title</name><required>false</required></attribute>
			<attribute><name>type</name><required>false</required></attribute>
		</element>
		<element>
			<name>sub</name>
			<name>sup</name>
			<bodyrequired>true</bodyrequired>
			<attribute><name>class</name><required>false</required></attribute>
			<attribute><name>dir</name><required>false</required></attribute>
			<attribute><name>id</name><required>false</required></attribute>
			<attribute><name>lang</name><required>false</required></attribute>
			<attribute><name>onclick</name><required>false</required></attribute>
			<attribute><name>ondblclick</name><required>false</required></attribute>
			<attribute><name>onkeydown</name><required>false</required></attribute>
			<attribute><name>onkeypress</name><required>false</required></attribute>
			<attribute><name>onkeyup</name><required>false</required></attribute>
			<attribute><name>onmousedown</name><required>false</required></attribute>
			<attribute><name>onmousemove</name><required>false</required></attribute>
			<attribute><name>onmouseout</name><required>false</required></attribute>
			<attribute><name>onmouseover</name><required>false</required></attribute>
			<attribute><name>onmouseup</name><required>false</required></attribute>
			<attribute><name>style</name><required>false</required></attribute>
			<attribute><name>title</name><required>false</required></attribute>
		</element>
		<element>
			<name>table</name>
			<bodyrequired>true</bodyrequired>
			<attribute><name>bgcolor</name><required>false</required></attribute>
			<attribute><name>border</name><required>false</required></attribute>
			<attribute><name>celpadding</name><required>false</required></attribute>
			<attribute><name>celspacing</name><required>false</required></attribute>
			<attribute><name>class</name><required>false</required></attribute>
			<attribute><name>dir</name><required>false</required></attribute>
			<attribute><name>frames</name><required>false</required></attribute>
			<attribute><name>id</name><required>false</required></attribute>
			<attribute><name>lang</name><required>false</required></attribute>
			<attribute><name>onclick</name><required>false</required></attribute>
			<attribute><name>ondblclick</name><required>false</required></attribute>
			<attribute><name>onkeydown</name><required>false</required></attribute>
			<attribute><name>onkeypress</name><required>false</required></attribute>
			<attribute><name>onkeyup</name><required>false</required></attribute>
			<attribute><name>onmousedown</name><required>false</required></attribute>
			<attribute><name>onmousemove</name><required>false</required></attribute>
			<attribute><name>onmouseout</name><required>false</required></attribute>
			<attribute><name>onmouseover</name><required>false</required></attribute>
			<attribute><name>onmouseup</name><required>false</required></attribute>
			<attribute><name>rules</name><required>false</required></attribute>
			<attribute><name>style</name><required>false</required></attribute>
			<attribute><name>summary</name><required>false</required></attribute>
			<attribute><name>title</name><required>false</required></attribute>
			<attribute><name>width</name><required>false</required></attribute>
		</element>
		<element>
			<name>tbody</name>
			<name>tfoot</name>
			<name>thead</name>
			<bodyrequired>true</bodyrequired>
			<attribute><name>align</name><required>false</required></attribute>
			<attribute><name>char</name><required>false</required></attribute>
			<attribute><name>charoff</name><required>false</required></attribute>
			<attribute><name>class</name><required>false</required></attribute>
			<attribute><name>dir</name><required>false</required></attribute>
			<attribute><name>id</name><required>false</required></attribute>
			<attribute><name>lang</name><required>false</required></attribute>
			<attribute><name>onclick</name><required>false</required></attribute>
			<attribute><name>ondblclick</name><required>false</required></attribute>
			<attribute><name>onkeydown</name><required>false</required></attribute>
			<attribute><name>onkeypress</name><required>false</required></attribute>
			<attribute><name>onkeyup</name><required>false</required></attribute>
			<attribute><name>onmousedown</name><required>false</required></attribute>
			<attribute><name>onmousemove</name><required>false</required></attribute>
			<attribute><name>onmouseout</name><required>false</required></attribute>
			<attribute><name>onmouseover</name><required>false</required></attribute>
			<attribute><name>onmouseup</name><required>false</required></attribute>
			<attribute><name>style</name><required>false</required></attribute>
			<attribute><name>title</name><required>false</required></attribute>
			<attribute><name>valign</name><required>false</required></attribute>
		</element>
		<element>
			<name>td</name>
			<name>th</name>
			<bodyrequired>true</bodyrequired>
			<attribute><name>abbr</name><required>false</required></attribute>
			<attribute><name>align</name><required>false</required></attribute>
			<attribute><name>axis</name><required>false</required></attribute>
			<attribute><name>bgcolor</name><required>false</required></attribute>
			<attribute><name>char</name><required>false</required></attribute>
			<attribute><name>charoff</name><required>false</required></attribute>
			<attribute><name>class</name><required>false</required></attribute>
			<attribute><name>colspan</name><required>false</required></attribute>
			<attribute><name>dir</name><required>false</required></attribute>
			<attribute><name>headers</name><required>false</required></attribute>
			<attribute><name>id</name><required>false</required></attribute>
			<attribute><name>lang</name><required>false</required></attribute>
			<attribute><name>onclick</name><required>false</required></attribute>
			<attribute><name>ondblclick</name><required>false</required></attribute>
			<attribute><name>onkeydown</name><required>false</required></attribute>
			<attribute><name>onkeypress</name><required>false</required></attribute>
			<attribute><name>onkeyup</name><required>false</required></attribute>
			<attribute><name>onmousedown</name><required>false</required></attribute>
			<attribute><name>onmousemove</name><required>false</required></attribute>
			<attribute><name>onmouseout</name><required>false</required></attribute>
			<attribute><name>onmouseover</name><required>false</required></attribute>
			<attribute><name>onmouseup</name><required>false</required></attribute>
			<attribute><name>rowspan</name><required>false</required></attribute>
			<attribute><name>scope</name><required>false</required></attribute>
			<attribute><name>style</name><required>false</required></attribute>
			<attribute><name>title</name><required>false</required></attribute>
			<attribute><name>valign</name><required>false</required></attribute>
		</element>
		<element>
			<name>textarea</name>
			<bodyrequired>true</bodyrequired>
			<attribute><name>accesskey</name><required>false</required></attribute>
			<attribute><name>class</name><required>false</required></attribute>
			<attribute><name>cols</name><required>true</required></attribute>
			<attribute><name>dir</name><required>false</required></attribute>
			<attribute><name>disabled</name><required>false</required></attribute>
			<attribute><name>id</name><required>false</required></attribute>
			<attribute><name>lang</name><required>false</required></attribute>
			<attribute><name>name</name><required>false</required></attribute>
			<attribute><name>onblur</name><required>false</required></attribute>
			<attribute><name>onchange</name><required>false</required></attribute>
			<attribute><name>onclick</name><required>false</required></attribute>
			<attribute><name>ondblclick</name><required>false</required></attribute>
			<attribute><name>onfocus</name><required>false</required></attribute>
			<attribute><name>onkeydown</name><required>false</required></attribute>
			<attribute><name>onkeypress</name><required>false</required></attribute>
			<attribute><name>onkeyup</name><required>false</required></attribute>
			<attribute><name>onmousedown</name><required>false</required></attribute>
			<attribute><name>onmousemove</name><required>false</required></attribute>
			<attribute><name>onmouseout</name><required>false</required></attribute>
			<attribute><name>onmouseover</name><required>false</required></attribute>
			<attribute><name>onmouseup</name><required>false</required></attribute>
			<attribute><name>onselect</name><required>false</required></attribute>
			<attribute><name>readonly</name><required>false</required></attribute>
			<attribute><name>rows</name><required>true</required></attribute>
			<attribute><name>style</name><required>false</required></attribute>
			<attribute><name>tabindex</name><required>false</required></attribute>
			<attribute><name>title</name><required>false</required></attribute>
		</element>
		<element>
			<name>title</name>
			<bodyrequired>true</bodyrequired>
			<attribute><name>dir</name><required>false</required></attribute>
			<attribute><name>lang</name><required>false</required></attribute>
		</element>
		<element>
			<name>tr</name>
			<bodyrequired>true</bodyrequired>
			<attribute><name>align</name><required>false</required></attribute>
			<attribute><name>bgcolor</name><required>false</required></attribute>
			<attribute><name>char</name><required>false</required></attribute>
			<attribute><name>charoff</name><required>false</required></attribute>
			<attribute><name>class</name><required>false</required></attribute>
			<attribute><name>dir</name><required>false</required></attribute>
			<attribute><name>id</name><required>false</required></attribute>
			<attribute><name>lang</name><required>false</required></attribute>
			<attribute><name>onclick</name><required>false</required></attribute>
			<attribute><name>ondblclick</name><required>false</required></attribute>
			<attribute><name>onkeydown</name><required>false</required></attribute>
			<attribute><name>onkeypress</name><required>false</required></attribute>
			<attribute><name>onkeyup</name><required>false</required></attribute>
			<attribute><name>onmousedown</name><required>false</required></attribute>
			<attribute><name>onmousemove</name><required>false</required></attribute>
			<attribute><name>onmouseout</name><required>false</required></attribute>
			<attribute><name>onmouseover</name><required>false</required></attribute>
			<attribute><name>onmouseup</name><required>false</required></attribute>
			<attribute><name>style</name><required>false</required></attribute>
			<attribute><name>title</name><required>false</required></attribute>
			<attribute><name>valign</name><required>false</required></attribute>
		</element>
	</html>
	<jsp>
		<directive>
			<element>
				<name>taglib</name>
				<attribute><name>uri</name><required>true</required></attribute>
				<attribute><name>prefix</name><required>true</required></attribute>
			</element>
			<element>
				<name>include</name>
				<attribute><name>file</name><required>true</required></attribute>
			</element>
			<element>
				<name>page</name>
				<attribute><name>extends</name><required>false</required></attribute>
				<attribute><name>import</name><required>false</required></attribute>
				<attribute><name>session</name><required>false</required></attribute>
				<attribute><name>buffer</name><required>false</required></attribute>
				<attribute><name>autoFlush</name><required>false</required></attribute>
				<attribute><name>isThreadSafe</name><required>false</required></attribute>
				<attribute><name>info</name><required>false</required></attribute>
				<attribute><name>errorPage</name><required>false</required></attribute>
				<attribute><name>isErrorPage</name><required>false</required></attribute>
				<attribute><name>contentType</name><required>false</required></attribute>
				<attribute><name>pageEncoding</name><required>false</required></attribute>
			</element>
		</directive>
		<taglib>
			<tlibversion>1.0</tlibversion>
			<jspversion>1.2</jspversion>
			<shortname>jsp</shortname>
			<tag>
				<name>useBean</name>
				<tagclass></tagclass>
				<bodyrequired>false</bodyrequired>
				<bodycontent>JSP</bodycontent>
				<attribute><name>id</name><required>true</required></attribute>
				<attribute><name>scope</name><required>false</required></attribute>
				<attribute><name>class</name><required>false</required></attribute>
				<attribute><name>beanName</name><required>false</required></attribute>
				<attribute><name>type</name><required>false</required></attribute>
			</tag>
			<tag>
				<name>setProperty</name>
				<tagclass></tagclass>
				<bodyrequired>false</bodyrequired>
				<bodycontent>JSP</bodycontent>
				<attribute><name>name</name><required>true</required></attribute>
				<attribute><name>property</name><required>true</required></attribute>
				<attribute><name>param</name><required>false</required></attribute>
			</tag>
			<tag>
				<name>getProperty</name>
				<tagclass></tagclass>
				<bodyrequired>false</bodyrequired>
				<bodycontent>JSP</bodycontent>
				<attribute><name>name</name><required>true</required></attribute>
				<attribute><name>property</name><required>true</required></attribute>
			</tag>
			<tag>
				<name>include</name>
				<tagclass></tagclass>
				<bodyrequired>false</bodyrequired>
				<bodycontent>JSP</bodycontent>
				<attribute><name>page</name><required>true</required></attribute>
				<attribute><name>flush</name><required>false</required></attribute>
			</tag>
			<tag>
				<name>forward</name>
				<tagclass></tagclass>
				<bodyrequired>false</bodyrequired>
				<bodycontent>JSP</bodycontent>
				<attribute><name>page</name><required>true</required></attribute>
			</tag>
			<tag>
				<name>param</name>
				<tagclass></tagclass>
				<bodyrequired>false</bodyrequired>
				<bodycontent>JSP</bodycontent>
				<attribute><name>name</name><required>true</required></attribute>
				<attribute><name>value</name><required>false</required></attribute>
			</tag>
			<tag>
				<name>plugin</name>
				<tagclass></tagclass>
				<bodyrequired>false</bodyrequired>
				<bodycontent>JSP</bodycontent>
				<attribute><name>type</name><required>true</required></attribute>
				<attribute><name>code</name><required>false</required></attribute>
				<attribute><name>codebase</name><required>false</required></attribute>
				<attribute><name>align</name><required>false</required></attribute>
				<attribute><name>archive</name><required>false</required></attribute>
				<attribute><name>height</name><required>false</required></attribute>
				<attribute><name>hspace</name><required>false</required></attribute>
				<attribute><name>jreversion</name><required>false</required></attribute>
				<attribute><name>name</name><required>false</required></attribute>
				<attribute><name>vspace</name><required>false</required></attribute>
				<attribute><name>width</name><required>false</required></attribute>
				<attribute><name>nspluginurl</name><required>false</required></attribute>
				<attribute><name>iepluginurl</name><required>false</required></attribute>
			</tag>			
			<tag>
				<name>params</name>
				<tagclass></tagclass>
				<bodyrequired>true</bodyrequired>
				<bodycontent>JSP</bodycontent>
			</tag>
			<tag>
				<name>fallback</name>
				<tagclass></tagclass>
				<bodyrequired>true</bodyrequired>
				<bodycontent>JSP</bodycontent>
			</tag>
			<tag>
				<name>attribute</name>
				<tagclass></tagclass>
				<bodyrequired>true</bodyrequired>
				<bodycontent>JSP</bodycontent>
			</tag>
			<tag>
				<name>body</name>
				<tagclass></tagclass>
				<bodyrequired>false</bodyrequired>
				<bodycontent>JSP</bodycontent>
			</tag>			
			<tag>
				<name>invoke</name>
				<tagclass></tagclass>
				<bodyrequired>false</bodyrequired>
				<bodycontent>JSP</bodycontent>
				<attribute><name>fragment</name><required>true</required></attribute>
				<attribute><name>var</name><required>false</required></attribute>
				<attribute><name>varReader</name><required>false</required></attribute>
				<attribute><name>scope</name><required>false</required></attribute>
			</tag>
			<tag>
				<name>doBody</name>
				<tagclass></tagclass>
				<bodyrequired>true</bodyrequired>
				<bodycontent>JSP</bodycontent>
				<attribute><name>var</name><required>false</required></attribute>
				<attribute><name>varReader</name><required>false</required></attribute>
				<attribute><name>scope</name><required>false</required></attribute>				
			</tag>			
			<tag>
				<name>element</name>
				<tagclass></tagclass>
				<bodyrequired>false</bodyrequired>
				<bodycontent>JSP</bodycontent>
				<attribute><name>name</name><required>true</required></attribute>
				
			</tag>			
			<tag>
				<name>text</name>
				<tagclass></tagclass>
				<bodyrequired>true</bodyrequired>
				<bodycontent>JSP</bodycontent>
			</tag>
			<tag>
				<name>output</name>
				<tagclass></tagclass>
				<bodyrequired>true</bodyrequired>
				<bodycontent>JSP</bodycontent>
				<attribute><name>omit-xml-declaration</name><required>false</required></attribute>
			</tag>
			<tag>
				<name>root</name>
				<tagclass></tagclass>
				<bodyrequired>false</bodyrequired>
				<bodycontent>JSP</bodycontent>
				<attribute><name>version</name><required>true</required></attribute>
			</tag>						
			<tag>
				<name>declaration</name>
				<tagclass></tagclass>
				<bodyrequired>true</bodyrequired>
				<bodycontent>JAVA</bodycontent>
			</tag>
			<tag>
				<name>scriptlet</name>
				<tagclass></tagclass>
				<bodyrequired>true</bodyrequired>
				<bodycontent>JAVA</bodycontent>
			</tag>	
			<tag>
				<name>expression</name>
				<tagclass></tagclass>
				<bodyrequired>true</bodyrequired>
				<bodycontent>JAVA</bodycontent>
			</tag>	
		</taglib>
	</jsp>

</tag-completion>
